Ticker,Actual,Estimate,Time,Date,date_minus_30,date_30
TEL,1.29,1.2790000000000001,2019-01-23 06:00:00,2019-01-23,2018-12-07,2019-03-07
FFIV,2.7,2.535,2019-01-23 16:05:00,2019-01-23,2018-12-07,2019-03-07
VAR,1.06,1.084,2019-01-23 16:06:00,2019-01-23,2018-12-07,2019-03-07
RJF,1.79,1.719,2019-01-23 16:23:00,2019-01-23,2018-12-07,2019-03-07
SBUX,0.75,0.649,2019-01-24 16:05:00,2019-01-24,2018-12-10,2019-03-08
APD,1.86,1.869,2019-01-25 06:00:00,2019-01-25,2018-12-11,2019-03-11
DHI,0.76,0.7809999999999999,2019-01-25 06:30:00,2019-01-25,2018-12-11,2019-03-11
ROK,2.21,2.006,2019-01-29 07:00:00,2019-01-29,2018-12-13,2019-03-13
AAPL,4.18,4.167,2019-01-29 16:30:00,2019-01-29,2018-12-13,2019-03-13
HP,-0.1,0.294,2019-01-29 17:09:00,2019-01-29,2018-12-13,2019-03-13
BEN,0.54,0.659,2019-01-30 08:30:00,2019-01-30,2018-12-14,2019-03-14
HOLX,0.58,0.5710000000000001,2019-01-30 16:01:00,2019-01-30,2018-12-14,2019-03-14
QCOM,1.2,1.089,2019-01-30 16:05:00,2019-01-30,2018-12-14,2019-03-14
V,1.3,1.253,2019-01-30 16:07:00,2019-01-30,2018-12-14,2019-03-14
ABC,1.6,1.521,2019-01-31 06:30:00,2019-01-31,2018-12-17,2019-03-15
WRK,0.83,0.805,2019-01-31 06:30:00,2019-01-31,2018-12-17,2019-03-15
JCI,0.26,0.24,2019-02-01 06:55:00,2019-02-01,2018-12-18,2019-03-18
BDX,2.7,2.605,2019-02-05 06:00:00,2019-02-05,2018-12-20,2019-03-20
EMR,0.76,0.659,2019-02-05 06:54:00,2019-02-05,2018-12-20,2019-03-20
VIAB,1.12,1.024,2019-02-05 07:00:00,2019-02-05,2018-12-20,2019-03-20
TDG,3.85,3.431,2019-02-05 07:15:00,2019-02-05,2018-12-20,2019-03-20
DIS,1.84,1.5419999999999998,2019-02-05 16:05:00,2019-02-05,2018-12-20,2019-03-20
SWKS,1.83,1.821,2019-02-05 16:15:00,2019-02-05,2018-12-20,2019-03-20
ATO,1.38,1.327,2019-02-05 17:06:00,2019-02-05,2018-12-20,2019-03-20
JEC,1.14,1.038,2019-02-06 06:40:00,2019-02-06,2018-12-21,2019-03-21
TSN,1.58,1.56,2019-02-07 07:30:00,2019-02-07,2018-12-24,2019-03-22
AMAT,0.81,0.7879999999999999,2019-02-14 16:01:00,2019-02-14,2019-01-02,2019-03-29
DE,1.54,1.751,2019-02-15 06:20:00,2019-02-15,2019-01-03,2019-04-01
ADI,1.33,1.2819999999999998,2019-02-20 08:00:00,2019-02-20,2019-01-07,2019-04-03
A,0.76,0.731,2019-02-20 16:05:00,2019-02-20,2019-01-07,2019-04-03
SNPS,1.08,0.966,2019-02-20 16:05:00,2019-02-20,2019-01-07,2019-04-03
HRL,0.44,0.44299999999999995,2019-02-21 06:30:00,2019-02-21,2019-01-08,2019-04-04
HPE,0.42,0.348,2019-02-21 16:05:00,2019-02-21,2019-01-08,2019-04-04
KEYS,0.93,0.804,2019-02-21 16:05:00,2019-02-21,2019-01-08,2019-04-04
HPQ,0.52,0.517,2019-02-27 16:05:00,2019-02-27,2019-01-14,2019-04-10
COO,2.88,2.5069999999999997,2019-03-05 16:15:00,2019-03-05,2019-01-18,2019-04-16
ADBE,1.71,1.6159999999999999,2019-03-14 16:05:00,2019-03-14,2019-01-30,2019-04-26
AVGO,5.55,5.231,2019-03-14 16:15:00,2019-03-14,2019-01-30,2019-04-26
INFO,0.6,0.5660000000000001,2019-03-26 06:00:00,2019-03-26,2019-02-11,2019-05-08
MKC,1.12,1.04,2019-03-26 06:30:00,2019-03-26,2019-02-11,2019-05-08
CCL,0.49,0.43799999999999994,2019-03-26 09:15:00,2019-03-26,2019-02-11,2019-05-08
LEN,0.74,0.754,2019-03-27 06:00:00,2019-03-27,2019-02-12,2019-05-09
DAL,0.96,0.898,2019-04-10 07:01:00,2019-04-10,2019-02-27,2019-05-23
FAST,0.34,0.33899999999999997,2019-04-11 06:50:00,2019-04-11,2019-02-28,2019-05-24
JPM,2.59,2.353,2019-04-12 06:47:00,2019-04-12,2019-03-01,2019-05-28
PNC,2.69,2.608,2019-04-12 07:00:00,2019-04-12,2019-03-01,2019-05-28
FRC,1.26,1.226,2019-04-12 08:00:00,2019-04-12,2019-03-01,2019-05-28
WFC,1.01,1.092,2019-04-12 08:00:00,2019-04-12,2019-03-01,2019-05-28
MTB,3.35,3.301,2019-04-15 06:37:00,2019-04-15,2019-03-04,2019-05-29
GS,5.71,4.968,2019-04-15 07:30:00,2019-04-15,2019-03-04,2019-05-29
C,1.87,1.798,2019-04-15 07:59:00,2019-04-15,2019-03-04,2019-05-29
SCHW,0.69,0.657,2019-04-15 08:45:00,2019-04-15,2019-03-04,2019-05-29
JBHT,1.09,1.248,2019-04-15 16:01:00,2019-04-15,2019-03-04,2019-05-29
UNH,3.73,3.5989999999999998,2019-04-16 05:55:00,2019-04-16,2019-03-05,2019-05-30
BLK,6.61,6.13,2019-04-16 06:15:00,2019-04-16,2019-03-05,2019-05-30
CMA,2.08,1.931,2019-04-16 06:38:00,2019-04-16,2019-03-05,2019-05-30
JNJ,2.1,2.035,2019-04-16 06:40:00,2019-04-16,2019-03-05,2019-05-30
BAC,0.71,0.6559999999999999,2019-04-16 06:45:00,2019-04-16,2019-03-05,2019-05-30
OMC,1.17,1.082,2019-04-16 06:45:00,2019-04-16,2019-03-05,2019-05-30
PLD,0.73,0.718,2019-04-16 08:00:00,2019-04-16,2019-03-05,2019-05-30
PGR,1.83,1.359,2019-04-16 08:21:00,2019-04-16,2019-03-05,2019-05-30
NFLX,0.76,0.58,2019-04-16 16:00:00,2019-04-16,2019-03-05,2019-05-30
CSX,1.02,0.9079999999999999,2019-04-16 16:02:00,2019-04-16,2019-03-05,2019-05-30
IBM,2.25,2.217,2019-04-16 16:05:00,2019-04-16,2019-03-05,2019-05-30
UAL,1.15,0.9520000000000001,2019-04-16 16:15:00,2019-04-16,2019-03-05,2019-05-30
PEP,0.97,0.914,2019-04-17 06:11:00,2019-04-17,2019-03-06,2019-05-31
BK,0.94,0.958,2019-04-17 06:30:00,2019-04-17,2019-03-06,2019-05-31
TXT,0.76,0.6829999999999999,2019-04-17 06:30:00,2019-04-17,2019-03-06,2019-05-31
USB,1.0,1.001,2019-04-17 06:45:00,2019-04-17,2019-03-06,2019-05-31
MS,1.33,1.166,2019-04-17 07:00:00,2019-04-17,2019-03-06,2019-05-31
PNR,0.43,0.43,2019-04-17 07:04:00,2019-04-17,2019-03-06,2019-05-31
ABT,0.63,0.613,2019-04-17 07:45:00,2019-04-17,2019-03-06,2019-05-31
KSU,1.54,1.436,2019-04-17 08:00:00,2019-04-17,2019-03-06,2019-05-31
ETFC,1.09,0.929,2019-04-17 16:05:00,2019-04-17,2019-03-06,2019-05-31
KMI,0.25,0.243,2019-04-17 16:05:00,2019-04-17,2019-03-06,2019-05-31
LVS,0.91,0.866,2019-04-17 16:05:00,2019-04-17,2019-03-06,2019-05-31
SLG,1.68,1.689,2019-04-17 16:06:00,2019-04-17,2019-03-06,2019-05-31
GL,1.64,1.5859999999999999,2019-04-17 16:10:00,2019-04-17,2019-03-06,2019-05-31
CCI,1.36,1.374,2019-04-17 16:15:00,2019-04-17,2019-03-06,2019-05-31
URI,3.31,3.0269999999999997,2019-04-17 16:15:00,2019-04-17,2019-03-06,2019-05-31
BBT,1.05,1.03,2019-04-18 05:45:00,2019-04-18,2019-03-07,2019-06-03
DHR,1.07,1.016,2019-04-18 06:00:00,2019-04-18,2019-03-07,2019-06-03
RF,0.37,0.369,2019-04-18 06:00:00,2019-04-18,2019-03-07,2019-06-03
STI,1.33,1.304,2019-04-18 06:00:00,2019-04-18,2019-03-07,2019-06-03
CFG,0.93,0.892,2019-04-18 06:30:00,2019-04-18,2019-03-07,2019-06-03
HON,1.92,1.8330000000000002,2019-04-18 06:30:00,2019-04-18,2019-03-07,2019-06-03
KEY,0.4,0.414,2019-04-18 06:30:00,2019-04-18,2019-03-07,2019-06-03
SNA,3.01,2.9010000000000002,2019-04-18 06:30:00,2019-04-18,2019-03-07,2019-06-03
SYF,1.0,0.8909999999999999,2019-04-18 06:30:00,2019-04-18,2019-03-07,2019-06-03
DOV,1.24,1.104,2019-04-18 06:45:00,2019-04-18,2019-03-07,2019-06-03
PPG,1.38,1.21,2019-04-18 06:51:00,2019-04-18,2019-03-07,2019-06-03
TRV,2.83,2.738,2019-04-18 06:57:00,2019-04-18,2019-03-07,2019-06-03
PM,1.09,0.997,2019-04-18 06:59:00,2019-04-18,2019-03-07,2019-06-03
SLB,0.3,0.301,2019-04-18 07:00:00,2019-04-18,2019-03-07,2019-06-03
AXP,2.01,1.986,2019-04-18 07:30:00,2019-04-18,2019-03-07,2019-06-03
UNP,1.93,1.8769999999999998,2019-04-18 08:00:00,2019-04-18,2019-03-07,2019-06-03
GPC,1.28,1.304,2019-04-18 08:32:00,2019-04-18,2019-03-07,2019-06-03
PBCT,0.33,0.33299999999999996,2019-04-18 16:01:00,2019-04-18,2019-03-07,2019-06-03
ISRG,2.61,2.699,2019-04-18 16:05:00,2019-04-18,2019-03-07,2019-06-03
HAL,0.23,0.223,2019-04-22 06:45:00,2019-04-22,2019-03-08,2019-06-04
NVR,47.64,34.448,2019-04-22 07:00:00,2019-04-22,2019-03-08,2019-06-04
KMB,1.66,1.5390000000000001,2019-04-22 07:30:00,2019-04-22,2019-03-08,2019-06-04
GWW,4.51,4.45,2019-04-22 08:00:00,2019-04-22,2019-03-08,2019-06-04
CDNS,0.54,0.491,2019-04-22 16:05:00,2019-04-22,2019-03-08,2019-06-04
WHR,3.11,2.864,2019-04-22 16:10:00,2019-04-22,2019-03-08,2019-06-04
ZION,1.04,1.048,2019-04-22 16:10:00,2019-04-22,2019-03-08,2019-06-04
CE,2.62,2.395,2019-04-22 16:45:00,2019-04-22,2019-03-08,2019-06-04
CNC,1.39,1.34,2019-04-23 06:00:00,2019-04-23,2019-03-11,2019-06-05
FITB,0.63,0.5870000000000001,2019-04-23 06:30:00,2019-04-23,2019-03-11,2019-06-05
HAS,0.21,-0.11199999999999999,2019-04-23 06:30:00,2019-04-23,2019-03-11,2019-06-05
PHM,0.59,0.473,2019-04-23 06:30:00,2019-04-23,2019-03-11,2019-06-05
DGX,1.4,1.364,2019-04-23 06:45:00,2019-04-23,2019-03-11,2019-06-05
HOG,0.98,0.855,2019-04-23 06:50:00,2019-04-23,2019-03-11,2019-06-05
WAT,1.6,1.724,2019-04-23 06:50:00,2019-04-23,2019-03-11,2019-06-05
UTX,1.91,1.7109999999999999,2019-04-23 06:55:00,2019-04-23,2019-03-11,2019-06-05
SHW,3.6,3.657,2019-04-23 07:00:00,2019-04-23,2019-03-11,2019-06-05
STT,1.24,1.195,2019-04-23 07:00:00,2019-04-23,2019-03-11,2019-06-05
TWTR,0.37,0.147,2019-04-23 07:00:00,2019-04-23,2019-03-11,2019-06-05
KO,0.48,0.46299999999999997,2019-04-23 07:03:00,2019-04-23,2019-03-11,2019-06-05
LMT,5.99,4.343,2019-04-23 07:30:00,2019-04-23,2019-03-11,2019-06-05
NEE,2.2,2.0469999999999997,2019-04-23 07:30:00,2019-04-23,2019-03-11,2019-06-05
NUE,1.63,1.504,2019-04-23 07:30:00,2019-04-23,2019-03-11,2019-06-05
VZ,1.2,1.167,2019-04-23 07:30:00,2019-04-23,2019-03-11,2019-06-05
NTRS,1.53,1.469,2019-04-23 07:33:00,2019-04-23,2019-03-11,2019-06-05
TXN,1.26,1.128,2019-04-23 16:01:00,2019-04-23,2019-03-11,2019-06-05
SYK,1.88,1.839,2019-04-23 16:05:00,2019-04-23,2019-03-11,2019-06-05
RHI,0.93,0.951,2019-04-23 16:13:00,2019-04-23,2019-03-11,2019-06-05
EBAY,0.67,0.628,2019-04-23 16:15:00,2019-04-23,2019-03-11,2019-06-05
EW,1.32,1.224,2019-04-23 16:15:00,2019-04-23,2019-03-11,2019-06-05
FE,0.67,0.67,2019-04-23 16:20:00,2019-04-23,2019-03-11,2019-06-05
ANTM,6.03,5.84,2019-04-24 06:00:00,2019-04-24,2019-03-12,2019-06-06
SWK,1.42,1.113,2019-04-24 06:00:00,2019-04-24,2019-03-12,2019-06-06
TMO,2.81,2.73,2019-04-24 06:00:00,2019-04-24,2019-03-12,2019-06-06
BSX,0.35,0.35600000000000004,2019-04-24 06:30:00,2019-04-24,2019-03-12,2019-06-06
MKTX,1.39,1.375,2019-04-24 06:30:00,2019-04-24,2019-03-12,2019-06-06
NOC,5.06,4.587,2019-04-24 06:38:00,2019-04-24,2019-03-12,2019-06-06
BIIB,6.98,6.994,2019-04-24 06:39:00,2019-04-24,2019-03-12,2019-06-06
AVY,1.48,1.455,2019-04-24 06:45:00,2019-04-24,2019-03-12,2019-06-06
T,0.86,0.858,2019-04-24 06:49:00,2019-04-24,2019-03-12,2019-06-06
DTE,2.05,1.959,2019-04-24 06:50:00,2019-04-24,2019-03-12,2019-06-06
MCO,2.07,1.9340000000000002,2019-04-24 07:00:00,2019-04-24,2019-03-12,2019-06-06
NDAQ,1.22,1.163,2019-04-24 07:00:00,2019-04-24,2019-03-12,2019-06-06
BA,3.16,3.2510000000000003,2019-04-24 07:30:00,2019-04-24,2019-03-12,2019-06-06
CAT,2.94,2.846,2019-04-24 07:30:00,2019-04-24,2019-03-12,2019-06-06
FLIR,0.53,0.483,2019-04-24 07:30:00,2019-04-24,2019-03-12,2019-06-06
GD,2.56,2.415,2019-04-24 07:30:00,2019-04-24,2019-03-12,2019-06-06
ROL,0.13,0.152,2019-04-24 07:30:00,2019-04-24,2019-03-12,2019-06-06
TROW,1.87,1.683,2019-04-24 07:30:00,2019-04-24,2019-03-12,2019-06-06
APH,0.89,0.8809999999999999,2019-04-24 08:00:00,2019-04-24,2019-03-12,2019-06-06
NSC,2.51,2.1790000000000003,2019-04-24 08:00:00,2019-04-24,2019-03-12,2019-06-06
ALGN,0.89,0.825,2019-04-24 16:00:00,2019-04-24,2019-03-12,2019-06-06
CINF,1.05,0.877,2019-04-24 16:05:00,2019-04-24,2019-03-12,2019-06-06
CTXS,1.27,1.173,2019-04-24 16:05:00,2019-04-24,2019-03-12,2019-06-06
FB,1.89,1.619,2019-04-24 16:05:00,2019-04-24,2019-03-12,2019-06-06
FBHS,0.63,0.583,2019-04-24 16:05:00,2019-04-24,2019-03-12,2019-06-06
AMP,3.75,3.6310000000000002,2019-04-24 16:10:00,2019-04-24,2019-03-12,2019-06-06
CMG,3.4,3.013,2019-04-24 16:10:00,2019-04-24,2019-03-12,2019-06-06
NOW,0.67,0.5429999999999999,2019-04-24 16:10:00,2019-04-24,2019-03-12,2019-06-06
DRE,0.33,0.321,2019-04-24 16:12:00,2019-04-24,2019-03-12,2019-06-06
ESS,3.23,3.196,2019-04-24 16:15:00,2019-04-24,2019-03-12,2019-06-06
PYPL,0.78,0.6779999999999999,2019-04-24 16:15:00,2019-04-24,2019-03-12,2019-06-06
AVB,2.3,2.286,2019-04-24 16:16:00,2019-04-24,2019-03-12,2019-06-06
ORLY,4.05,4.055,2019-04-24 16:30:00,2019-04-24,2019-03-12,2019-06-06
PKG,1.98,1.9569999999999999,2019-04-24 17:29:00,2019-04-24,2019-03-12,2019-06-06
ALLE,0.88,0.866,2019-04-25 05:30:00,2019-04-25,2019-03-13,2019-06-07
IRM,0.48,0.512,2019-04-25 06:00:00,2019-04-25,2019-03-13,2019-06-07
LKQ,0.56,0.561,2019-04-25 06:00:00,2019-04-25,2019-03-13,2019-06-07
XEL,0.61,0.615,2019-04-25 06:00:00,2019-04-25,2019-03-13,2019-06-07
MMM,2.23,2.485,2019-04-25 06:30:00,2019-04-25,2019-03-13,2019-06-07
ALXN,2.39,2.211,2019-04-25 06:30:00,2019-04-25,2019-03-13,2019-06-07
BWA,1.0,0.9440000000000001,2019-04-25 06:30:00,2019-04-25,2019-03-13,2019-06-07
VLO,0.34,0.23199999999999998,2019-04-25 06:30:00,2019-04-25,2019-03-13,2019-06-07
XRX,0.91,0.8,2019-04-25 06:30:00,2019-04-25,2019-03-13,2019-06-07
LUV,0.7,0.608,2019-04-25 06:31:00,2019-04-25,2019-03-13,2019-06-07
IVZ,0.56,0.527,2019-04-25 06:55:00,2019-04-25,2019-03-13,2019-06-07
NEM,0.33,0.273,2019-04-25 06:55:00,2019-04-25,2019-03-13,2019-06-07
RTN,2.77,2.472,2019-04-25 06:55:00,2019-04-25,2019-03-13,2019-06-07
ROP,3.3,2.779,2019-04-25 06:55:00,2019-04-25,2019-03-13,2019-06-07
AEP,1.19,1.111,2019-04-25 06:57:00,2019-04-25,2019-03-13,2019-06-07
BMY,1.1,1.089,2019-04-25 06:59:00,2019-04-25,2019-03-13,2019-06-07
MO,0.9,0.9209999999999999,2019-04-25 07:00:00,2019-04-25,2019-03-13,2019-06-07
CMS,0.75,0.772,2019-04-25 07:00:00,2019-04-25,2019-03-13,2019-06-07
CMCSA,0.76,0.6809999999999999,2019-04-25 07:00:00,2019-04-25,2019-03-13,2019-06-07
HSY,1.59,1.4669999999999999,2019-04-25 07:00:00,2019-04-25,2019-03-13,2019-06-07
IP,1.11,0.9059999999999999,2019-04-25 07:00:00,2019-04-25,2019-03-13,2019-06-07
MMC,1.52,1.452,2019-04-25 07:00:00,2019-04-25,2019-03-13,2019-06-07
MAS,0.44,0.473,2019-04-25 07:00:00,2019-04-25,2019-03-13,2019-06-07
UPS,1.39,1.415,2019-04-25 07:00:00,2019-04-25,2019-03-13,2019-06-07
WM,0.94,0.9179999999999999,2019-04-25 07:00:00,2019-04-25,2019-03-13,2019-06-07
WEC,1.33,1.255,2019-04-25 07:00:00,2019-04-25,2019-03-13,2019-06-07
BAX,0.76,0.6809999999999999,2019-04-25 07:15:00,2019-04-25,2019-03-13,2019-06-07
ADS,3.72,4.05,2019-04-25 07:30:00,2019-04-25,2019-03-13,2019-06-07
HES,0.09,-0.266,2019-04-25 07:30:00,2019-04-25,2019-03-13,2019-06-07
WAB,1.06,0.843,2019-04-25 07:30:00,2019-04-25,2019-03-13,2019-06-07
ABBV,2.14,2.059,2019-04-25 07:42:00,2019-04-25,2019-03-13,2019-06-07
HBAN,0.32,0.316,2019-04-25 07:46:00,2019-04-25,2019-03-13,2019-06-07
FCX,0.05,0.073,2019-04-25 08:00:00,2019-04-25,2019-03-13,2019-06-07
ITW,1.81,1.805,2019-04-25 08:00:00,2019-04-25,2019-03-13,2019-06-07
TSCO,0.63,0.5539999999999999,2019-04-25 08:00:00,2019-04-25,2019-03-13,2019-06-07
ALK,0.17,0.151,2019-04-25 16:01:00,2019-04-25,2019-03-13,2019-06-07
AMZN,7.09,4.667,2019-04-25 16:01:00,2019-04-25,2019-03-13,2019-06-07
CERN,0.61,0.615,2019-04-25 16:01:00,2019-04-25,2019-03-13,2019-06-07
TMUS,1.06,0.92,2019-04-25 16:03:00,2019-04-25,2019-03-13,2019-06-07
COF,2.9,2.7060000000000004,2019-04-25 16:05:00,2019-04-25,2019-03-13,2019-06-07
DLR,1.92,1.63,2019-04-25 16:05:00,2019-04-25,2019-03-13,2019-06-07
IEX,1.44,1.369,2019-04-25 16:05:00,2019-04-25,2019-03-13,2019-06-07
ILMN,1.6,1.338,2019-04-25 16:05:00,2019-04-25,2019-03-13,2019-06-07
VRSN,1.31,1.25,2019-04-25 16:05:00,2019-04-25,2019-03-13,2019-06-07
INTC,0.89,0.87,2019-04-25 16:06:00,2019-04-25,2019-03-13,2019-06-07
SIVB,5.44,4.782,2019-04-25 16:06:00,2019-04-25,2019-03-13,2019-06-07
RSG,0.73,0.7190000000000001,2019-04-25 16:07:00,2019-04-25,2019-03-13,2019-06-07
AJG,1.63,1.609,2019-04-25 16:15:00,2019-04-25,2019-03-13,2019-06-07
F,0.44,0.256,2019-04-25 16:15:00,2019-04-25,2019-03-13,2019-06-07
JNPR,0.26,0.212,2019-04-25 16:15:00,2019-04-25,2019-03-13,2019-06-07
MHK,2.13,2.064,2019-04-25 16:15:00,2019-04-25,2019-03-13,2019-06-07
PKI,0.69,0.662,2019-04-25 16:15:00,2019-04-25,2019-03-13,2019-06-07
PFG,1.43,1.308,2019-04-25 16:15:00,2019-04-25,2019-03-13,2019-06-07
FTI,0.06,0.318,2019-04-25 16:15:00,2019-04-25,2019-03-13,2019-06-07
UHS,2.45,2.605,2019-04-25 16:16:00,2019-04-25,2019-03-13,2019-06-07
FTV,0.69,0.691,2019-04-25 16:17:00,2019-04-25,2019-03-13,2019-06-07
AFL,1.13,1.0590000000000002,2019-04-25 16:19:00,2019-04-25,2019-03-13,2019-06-07
DFS,2.15,2.017,2019-04-25 16:19:00,2019-04-25,2019-03-13,2019-06-07
EMN,1.77,1.867,2019-04-25 16:39:00,2019-04-25,2019-03-13,2019-06-07
NOV,-0.18,-0.08,2019-04-25 18:15:00,2019-04-25,2019-03-13,2019-06-07
WY,0.11,0.092,2019-04-26 03:05:00,2019-04-26,2019-03-14,2019-06-10
AON,3.31,3.302,2019-04-26 06:00:00,2019-04-26,2019-03-14,2019-06-10
ZBH,1.87,1.8630000000000002,2019-04-26 06:00:00,2019-04-26,2019-03-14,2019-06-10
COG,0.73,0.6509999999999999,2019-04-26 06:30:00,2019-04-26,2019-03-14,2019-06-10
LYB,2.22,2.17,2019-04-26 06:30:00,2019-04-26,2019-03-14,2019-06-10
CL,0.67,0.6629999999999999,2019-04-26 06:55:00,2019-04-26,2019-03-14,2019-06-10
VTR,0.99,0.956,2019-04-26 06:59:00,2019-04-26,2019-03-14,2019-06-10
ADM,0.46,0.595,2019-04-26 07:00:00,2019-04-26,2019-03-14,2019-06-10
IPG,0.11,0.048,2019-04-26 07:00:00,2019-04-26,2019-03-14,2019-06-10
AAL,0.52,0.506,2019-04-26 07:30:00,2019-04-26,2019-03-14,2019-06-10
XOM,0.55,0.716,2019-04-26 08:00:00,2019-04-26,2019-03-14,2019-06-10
CVX,1.39,1.3030000000000002,2019-04-26 08:30:00,2019-04-26,2019-03-14,2019-06-10
L,1.2,0.96,2019-04-29 06:00:00,2019-04-29,2019-03-15,2019-06-11
VNO,1.3,1.34,2019-04-29 11:06:00,2019-04-29,2019-03-15,2019-06-11
SBAC,1.72,1.663,2019-04-29 16:01:00,2019-04-29,2019-03-15,2019-06-11
GOOGL,10.81,10.540999999999999,2019-04-29 16:02:00,2019-04-29,2019-03-15,2019-06-11
LEG,0.49,0.522,2019-04-29 16:07:00,2019-04-29,2019-03-15,2019-06-11
ARE,1.71,1.682,2019-04-29 16:10:00,2019-04-29,2019-03-15,2019-06-11
MGM,0.14,0.213,2019-04-29 16:15:00,2019-04-29,2019-03-15,2019-06-11
LDOS,1.13,1.0,2019-04-30 06:00:00,2019-04-30,2019-03-18,2019-06-12
WCG,3.69,3.062,2019-04-30 06:00:00,2019-04-30,2019-03-18,2019-06-12
IR,0.89,0.797,2019-04-30 06:15:00,2019-04-30,2019-03-18,2019-06-12
LLY,1.33,1.301,2019-04-30 06:25:00,2019-04-30,2019-03-18,2019-06-12
GE,0.14,0.08900000000000001,2019-04-30 06:29:00,2019-04-30,2019-03-18,2019-06-12
NLSN,0.35,0.319,2019-04-30 06:30:00,2019-04-30,2019-03-18,2019-06-12
WELL,1.02,1.0190000000000001,2019-04-30 06:30:00,2019-04-30,2019-03-18,2019-06-12
ETN,1.26,1.244,2019-04-30 06:34:00,2019-04-30,2019-03-18,2019-06-12
BKR,0.15,0.133,2019-04-30 06:45:00,2019-04-30,2019-03-18,2019-06-12
MRK,1.22,1.051,2019-04-30 06:45:00,2019-04-30,2019-03-18,2019-06-12
PFE,0.85,0.7609999999999999,2019-04-30 06:45:00,2019-04-30,2019-03-18,2019-06-12
AOS,0.53,0.573,2019-04-30 06:55:00,2019-04-30,2019-03-18,2019-06-12
LH,2.62,2.5340000000000003,2019-04-30 06:56:00,2019-04-30,2019-03-18,2019-06-12
MLM,0.68,0.33,2019-04-30 06:58:00,2019-04-30,2019-03-18,2019-06-12
SPG,3.04,3.054,2019-04-30 06:59:00,2019-04-30,2019-03-18,2019-06-12
CHTR,0.98,1.371,2019-04-30 07:00:00,2019-04-30,2019-03-18,2019-06-12
COP,1.0,0.907,2019-04-30 07:00:00,2019-04-30,2019-03-18,2019-06-12
FIS,1.64,1.4469999999999998,2019-04-30 07:00:00,2019-04-30,2019-03-18,2019-06-12
INCY,0.62,0.391,2019-04-30 07:00:00,2019-04-30,2019-03-18,2019-06-12
PSX,0.4,0.34,2019-04-30 07:00:00,2019-04-30,2019-03-18,2019-06-12
GLW,0.4,0.395,2019-04-30 07:16:00,2019-04-30,2019-03-18,2019-06-12
CMI,4.2,3.555,2019-04-30 07:30:00,2019-04-30,2019-03-18,2019-06-12
MCD,1.78,1.754,2019-04-30 07:58:00,2019-04-30,2019-03-18,2019-06-12
ARNC,0.43,0.387,2019-04-30 08:00:00,2019-04-30,2019-03-18,2019-06-12
GM,1.41,1.1,2019-04-30 08:00:00,2019-04-30,2019-03-18,2019-06-12
IPGP,1.02,1.099,2019-04-30 08:00:00,2019-04-30,2019-03-18,2019-06-12
MA,1.78,1.656,2019-04-30 08:00:00,2019-04-30,2019-03-18,2019-06-12
PCAR,1.81,1.6540000000000001,2019-04-30 08:00:00,2019-04-30,2019-03-18,2019-06-12
HCA,2.97,2.319,2019-04-30 08:15:00,2019-04-30,2019-03-18,2019-06-12
ECL,1.03,1.02,2019-04-30 08:30:00,2019-04-30,2019-03-18,2019-06-12
AMGN,3.56,3.469,2019-04-30 16:01:00,2019-04-30,2019-03-18,2019-06-12
FISV,0.84,0.8220000000000001,2019-04-30 16:01:00,2019-04-30,2019-03-18,2019-06-12
VRTX,1.14,1.005,2019-04-30 16:01:00,2019-04-30,2019-03-18,2019-06-12
AKAM,1.1,1.0190000000000001,2019-04-30 16:03:00,2019-04-30,2019-03-18,2019-06-12
CB,2.54,2.5610000000000004,2019-04-30 16:05:00,2019-04-30,2019-03-18,2019-06-12
CXO,0.72,0.7609999999999999,2019-04-30 16:05:00,2019-04-30,2019-03-18,2019-06-12
EXR,1.16,1.136,2019-04-30 16:05:00,2019-04-30,2019-03-18,2019-06-12
MDLZ,0.65,0.612,2019-04-30 16:05:00,2019-04-30,2019-03-18,2019-06-12
EIX,0.63,0.873,2019-04-30 16:09:00,2019-04-30,2019-03-18,2019-06-12
VRSK,1.03,1.034,2019-04-30 16:11:00,2019-04-30,2019-03-18,2019-06-12
CHRW,1.16,1.1440000000000001,2019-04-30 16:15:00,2019-04-30,2019-03-18,2019-06-12
OKE,0.81,0.723,2019-04-30 16:15:00,2019-04-30,2019-03-18,2019-06-12
UNM,1.31,1.3130000000000002,2019-04-30 16:15:00,2019-04-30,2019-03-18,2019-06-12
UDR,0.5,0.503,2019-04-30 16:16:00,2019-04-30,2019-03-18,2019-06-12
AMD,0.06,0.054000000000000006,2019-04-30 16:20:00,2019-04-30,2019-03-18,2019-06-12
EQR,0.82,0.812,2019-04-30 16:30:00,2019-04-30,2019-03-18,2019-06-12
DVN,0.36,0.276,2019-04-30 16:47:00,2019-04-30,2019-03-18,2019-06-12
BXP,1.72,1.6580000000000001,2019-04-30 17:15:00,2019-04-30,2019-03-18,2019-06-12
HLT,0.8,0.7609999999999999,2019-05-01 06:00:00,2019-05-01,2019-03-19,2019-06-13
WLTW,2.98,3.0239999999999996,2019-05-01 06:00:00,2019-05-01,2019-03-19,2019-06-13
ETR,0.82,0.863,2019-05-01 06:30:00,2019-05-01,2019-03-19,2019-06-13
IDXX,1.17,1.052,2019-05-01 06:30:00,2019-05-01,2019-03-19,2019-06-13
NI,0.82,0.77,2019-05-01 06:30:00,2019-05-01,2019-03-19,2019-06-13
SO,0.7,0.7190000000000001,2019-05-01 06:45:00,2019-05-01,2019-03-19,2019-06-13
AME,1.0,0.9690000000000001,2019-05-01 06:55:00,2019-05-01,2019-03-19,2019-06-13
CVS,1.62,1.511,2019-05-01 06:55:00,2019-05-01,2019-03-19,2019-06-13
CDW,1.24,1.11,2019-05-01 07:00:00,2019-05-01,2019-03-19,2019-06-13
CME,1.62,1.597,2019-05-01 07:00:00,2019-05-01,2019-03-19,2019-06-13
GRMN,0.73,0.706,2019-05-01 07:00:00,2019-05-01,2019-03-19,2019-06-13
IQV,1.53,1.506,2019-05-01 07:00:00,2019-05-01,2019-03-19,2019-06-13
TAP,0.52,0.5760000000000001,2019-05-01 07:00:00,2019-05-01,2019-03-19,2019-06-13
SEE,0.59,0.5710000000000001,2019-05-01 07:00:00,2019-05-01,2019-03-19,2019-06-13
YUM,0.82,0.813,2019-05-01 07:00:00,2019-05-01,2019-03-19,2019-06-13
HUM,4.48,4.29,2019-05-01 07:32:00,2019-05-01,2019-03-19,2019-06-13
RCL,1.31,1.107,2019-05-01 07:59:00,2019-05-01,2019-03-19,2019-06-13
PNW,0.16,0.168,2019-05-01 08:40:00,2019-05-01,2019-03-19,2019-06-13
EQIX,3.97,4.248,2019-05-01 16:05:00,2019-05-01,2019-03-19,2019-06-13
O,0.81,0.802,2019-05-01 16:05:00,2019-05-01,2019-03-19,2019-06-13
AWK,0.62,0.632,2019-05-01 16:06:00,2019-05-01,2019-03-19,2019-06-13
HIG,1.39,1.234,2019-05-01 16:14:00,2019-05-01,2019-03-19,2019-06-13
ES,0.97,0.914,2019-05-01 16:15:00,2019-05-01,2019-03-19,2019-06-13
PEAK,0.44,0.431,2019-05-01 16:15:00,2019-05-01,2019-03-19,2019-06-13
LNC,2.14,2.0340000000000003,2019-05-01 16:15:00,2019-05-01,2019-03-19,2019-06-13
MET,1.48,1.272,2019-05-01 16:15:00,2019-05-01,2019-03-19,2019-06-13
PSA,2.53,2.521,2019-05-01 16:15:00,2019-05-01,2019-03-19,2019-06-13
WMB,0.22,0.22699999999999998,2019-05-01 16:15:00,2019-05-01,2019-03-19,2019-06-13
PRU,3.0,3.1439999999999997,2019-05-01 16:18:00,2019-05-01,2019-03-19,2019-06-13
MAA,1.58,1.5090000000000001,2019-05-01 16:20:00,2019-05-01,2019-03-19,2019-06-13
ALL,2.3,2.252,2019-05-01 16:26:00,2019-05-01,2019-03-19,2019-06-13
CF,0.27,0.35200000000000004,2019-05-01 16:30:00,2019-05-01,2019-03-19,2019-06-13
HST,0.48,0.444,2019-05-01 16:30:00,2019-05-01,2019-03-19,2019-06-13
MRO,0.31,0.07,2019-05-01 16:30:00,2019-05-01,2019-03-19,2019-06-13
ANSS,1.29,1.091,2019-05-01 16:39:00,2019-05-01,2019-03-19,2019-06-13
APA,0.1,0.127,2019-05-01 16:49:00,2019-05-01,2019-03-19,2019-06-13
BLL,0.49,0.511,2019-05-02 06:00:00,2019-05-02,2019-03-20,2019-06-14
CI,3.9,3.7439999999999998,2019-05-02 06:00:00,2019-05-02,2019-03-20,2019-06-14
DD,2.52,1.38,2019-05-02 06:00:00,2019-05-02,2019-03-20,2019-06-14
DOW,0.83,0.9159999999999999,2019-05-02 06:02:00,2019-05-02,2019-03-20,2019-06-14
HFC,0.54,0.385,2019-05-02 06:18:00,2019-05-02,2019-03-20,2019-06-14
TFX,2.24,2.126,2019-05-02 06:30:00,2019-05-02,2019-03-20,2019-06-14
APTV,1.05,1.0070000000000001,2019-05-02 06:45:00,2019-05-02,2019-03-20,2019-06-14
EXC,0.87,0.872,2019-05-02 06:45:00,2019-05-02,2019-03-20,2019-06-14
PWR,0.96,0.823,2019-05-02 06:54:00,2019-05-02,2019-03-20,2019-06-14
GPN,1.34,1.2930000000000001,2019-05-02 06:55:00,2019-05-02,2019-03-20,2019-06-14
UAA,0.05,-0.001,2019-05-02 06:55:00,2019-05-02,2019-03-20,2019-06-14
XYL,0.52,0.564,2019-05-02 06:55:00,2019-05-02,2019-03-20,2019-06-14
CHD,0.7,0.6609999999999999,2019-05-02 07:00:00,2019-05-02,2019-03-20,2019-06-14
MAC,0.8,0.7979999999999999,2019-05-02 07:00:00,2019-05-02,2019-03-20,2019-06-14
ZTS,0.88,0.7879999999999999,2019-05-02 07:00:00,2019-05-02,2019-03-20,2019-06-14
DISCA,0.87,0.7959999999999999,2019-05-02 07:02:00,2019-05-02,2019-03-20,2019-06-14
MSCI,1.55,1.4,2019-05-02 07:03:00,2019-05-02,2019-03-20,2019-06-14
NRG,0.33,0.43,2019-05-02 07:07:00,2019-05-02,2019-03-20,2019-06-14
SPGI,2.11,2.134,2019-05-02 07:10:00,2019-05-02,2019-03-20,2019-06-14
HBI,0.27,0.254,2019-05-02 07:15:00,2019-05-02,2019-03-20,2019-06-14
HII,2.85,3.228,2019-05-02 07:15:00,2019-05-02,2019-03-20,2019-06-14
ICE,0.92,0.897,2019-05-02 07:30:00,2019-05-02,2019-03-20,2019-06-14
KIM,0.38,0.35700000000000004,2019-05-02 07:30:00,2019-05-02,2019-03-20,2019-06-14
PEG,1.08,1.003,2019-05-02 07:30:00,2019-05-02,2019-03-20,2019-06-14
K,1.01,0.948,2019-05-02 08:00:00,2019-05-02,2019-03-20,2019-06-14
PPL,0.7,0.725,2019-05-02 08:00:00,2019-05-02,2019-03-20,2019-06-14
VMC,0.46,0.363,2019-05-02 08:00:00,2019-05-02,2019-03-20,2019-06-14
CTSH,0.91,1.034,2019-05-02 16:01:00,2019-05-02,2019-03-20,2019-06-14
GILD,1.76,1.607,2019-05-02 16:01:00,2019-05-02,2019-03-20,2019-06-14
ANET,2.31,2.07,2019-05-02 16:05:00,2019-05-02,2019-03-20,2019-06-14
CBS,1.37,1.367,2019-05-02 16:05:00,2019-05-02,2019-03-20,2019-06-14
FRT,1.56,1.558,2019-05-02 16:05:00,2019-05-02,2019-03-20,2019-06-14
MNST,0.49,0.424,2019-05-02 16:05:00,2019-05-02,2019-03-20,2019-06-14
ATVI,0.31,0.257,2019-05-02 16:10:00,2019-05-02,2019-03-20,2019-06-14
FLS,0.41,0.341,2019-05-02 16:10:00,2019-05-02,2019-03-20,2019-06-14
MSI,1.28,1.145,2019-05-02 16:10:00,2019-05-02,2019-03-20,2019-06-14
EXPE,-0.27,-0.369,2019-05-02 16:11:00,2019-05-02,2019-03-20,2019-06-14
AIV,0.61,0.601,2019-05-02 16:15:00,2019-05-02,2019-03-20,2019-06-14
FTNT,0.46,0.387,2019-05-02 16:15:00,2019-05-02,2019-03-20,2019-06-14
REG,0.95,0.956,2019-05-02 16:15:00,2019-05-02,2019-03-20,2019-06-14
ED,1.39,1.364,2019-05-02 16:30:00,2019-05-02,2019-03-20,2019-06-14
EOG,1.19,1.024,2019-05-02 16:41:00,2019-05-02,2019-03-20,2019-06-14
LNT,0.53,0.514,2019-05-02 19:00:00,2019-05-02,2019-03-20,2019-06-14
XRAY,0.49,0.386,2019-05-03 06:00:00,2019-05-03,2019-03-21,2019-06-17
DISH,0.65,0.652,2019-05-03 06:02:00,2019-05-03,2019-03-21,2019-06-17
NWL,0.14,0.03,2019-05-03 06:30:00,2019-05-03,2019-03-21,2019-06-17
NBL,-0.09,-0.064,2019-05-03 06:50:00,2019-05-03,2019-03-21,2019-06-17
AMT,1.73,1.55,2019-05-03 07:00:00,2019-05-03,2019-03-21,2019-06-17
CBOE,1.11,0.991,2019-05-03 07:30:00,2019-05-03,2019-03-21,2019-06-17
D,1.1,1.117,2019-05-03 07:30:00,2019-05-03,2019-03-21,2019-06-17
BRK/A,3387.56,3399.097,2019-05-04 08:00:00,2019-05-04,2019-03-22,2019-06-18
OXY,0.84,0.733,2019-05-05 20:25:00,2019-05-05,2019-03-22,2019-06-18
AMG,3.26,3.261,2019-05-06 07:47:00,2019-05-06,2019-03-22,2019-06-18
AIZ,2.33,2.153,2019-05-06 16:15:00,2019-05-06,2019-03-22,2019-06-18
RE,6.91,5.901,2019-05-06 16:15:00,2019-05-06,2019-03-22,2019-06-18
AIG,1.58,1.052,2019-05-06 16:16:00,2019-05-06,2019-03-22,2019-06-18
IFF,1.57,1.5019999999999998,2019-05-06 16:17:00,2019-05-06,2019-03-22,2019-06-18
FMC,1.72,1.6230000000000002,2019-05-06 16:30:00,2019-05-06,2019-03-22,2019-06-18
PXD,1.83,1.599,2019-05-06 16:35:00,2019-05-06,2019-03-22,2019-06-18
MOS,0.25,0.24100000000000002,2019-05-06 17:03:00,2019-05-06,2019-03-22,2019-06-18
AES,0.28,0.299,2019-05-07 06:00:00,2019-05-07,2019-03-25,2019-06-19
IT,0.58,0.527,2019-05-07 06:00:00,2019-05-07,2019-03-25,2019-06-19
HSIC,0.8,0.759,2019-05-07 06:30:00,2019-05-07,2019-03-25,2019-06-19
REGN,4.45,5.706,2019-05-07 06:30:00,2019-05-07,2019-03-25,2019-06-19
SRE,1.92,1.68,2019-05-07 06:55:00,2019-05-07,2019-03-25,2019-06-19
AGN,3.79,3.553,2019-05-07 07:00:00,2019-05-07,2019-03-25,2019-06-19
EXPD,0.8,0.8320000000000001,2019-05-07 08:30:00,2019-05-07,2019-03-25,2019-06-19
MYL,0.82,0.7909999999999999,2019-05-07 08:30:00,2019-05-07,2019-03-25,2019-06-19
DVA,0.91,0.9309999999999999,2019-05-07 16:01:00,2019-05-07,2019-03-25,2019-06-19
FANG,1.39,1.3619999999999999,2019-05-07 16:01:00,2019-05-07,2019-03-25,2019-06-19
TRIP,0.36,0.315,2019-05-07 16:03:00,2019-05-07,2019-03-25,2019-06-19
FLT,2.67,2.641,2019-05-07 16:05:00,2019-05-07,2019-03-25,2019-06-19
WU,0.39,0.428,2019-05-07 16:05:00,2019-05-07,2019-03-25,2019-06-19
MPC,-0.09,0.05,2019-05-08 06:54:00,2019-05-08,2019-03-26,2019-06-20
CBRE,0.79,0.613,2019-05-08 06:55:00,2019-05-08,2019-03-26,2019-06-20
ALB,1.23,1.273,2019-05-08 16:15:00,2019-05-08,2019-03-26,2019-06-20
CTL,0.34,0.267,2019-05-08 16:15:00,2019-05-08,2019-03-26,2019-06-20
XEC,1.2,1.3519999999999999,2019-05-08 16:22:00,2019-05-08,2019-03-26,2019-06-20
EVRG,0.44,0.406,2019-05-08 16:50:00,2019-05-08,2019-03-26,2019-06-20
PRGO,1.07,0.945,2019-05-08 17:13:00,2019-05-08,2019-03-26,2019-06-20
CNP,0.46,0.516,2019-05-09 06:30:00,2019-05-09,2019-03-27,2019-06-21
DUK,1.28,1.239,2019-05-09 06:45:00,2019-05-09,2019-03-27,2019-06-21
NCLH,0.83,0.705,2019-05-09 07:00:00,2019-05-09,2019-03-27,2019-06-21
AEE,0.78,0.6809999999999999,2019-05-09 07:59:00,2019-05-09,2019-03-27,2019-06-21
WYNN,1.61,1.5830000000000002,2019-05-09 16:02:00,2019-05-09,2019-03-27,2019-06-21
BKNG,11.17,11.324000000000002,2019-05-09 16:09:00,2019-05-09,2019-03-27,2019-06-21
MTD,4.1,4.051,2019-05-09 16:10:00,2019-05-09,2019-03-27,2019-06-21
LIN,1.69,1.57,2019-05-10 06:00:00,2019-05-10,2019-03-28,2019-06-24
MAR,1.41,1.337,2019-05-10 06:15:00,2019-05-10,2019-03-28,2019-06-24
EFX,1.2,1.2009999999999998,2019-05-10 06:34:00,2019-05-10,2019-03-28,2019-06-24
AAP,2.46,2.371,2019-05-22 06:30:00,2019-05-22,2019-04-09,2019-07-05
CTVA,0.31,0.44,2019-05-31 11:01:00,2019-05-31,2019-04-17,2019-07-15
ABMD US,0.97,0.946,2019-01-31 07:00:00,2019-01-31,2018-12-17,2019-03-15
ACN US,1.73,1.5730000000000002,2019-03-28 06:50:00,2019-03-28,2019-02-13,2019-05-10
AMCR US,0.23,0.28300000000000003,2019-02-10 06:00:00,2019-02-10,2018-12-27,2019-03-26
AZO US,11.49,10.062000000000001,2019-02-26 06:59:00,2019-02-26,2019-01-11,2019-04-09
ADSK US,0.23,0.42100000000000004,2019-02-28 16:01:00,2019-02-28,2019-01-15,2019-04-11
ADP US,1.34,1.182,2019-01-30 06:56:00,2019-01-30,2018-12-14,2019-03-14
BBY US,2.72,2.563,2019-02-27 07:00:00,2019-02-27,2019-01-14,2019-04-10
BR US,0.56,0.71,2019-02-07 07:00:00,2019-02-07,2018-12-24,2019-03-22
BF/B US,0.47,0.449,2019-03-06 07:45:00,2019-03-06,2019-01-22,2019-04-17
CPB US,0.77,0.7090000000000001,2019-02-27 07:30:00,2019-02-27,2019-01-14,2019-04-10
CPRI US,1.76,1.578,2019-02-06 06:30:00,2019-02-06,2018-12-21,2019-03-21
KMX US,1.13,1.026,2019-03-29 07:35:00,2019-03-29,2019-02-14,2019-05-13
CAH US,1.29,1.094,2019-02-07 06:55:00,2019-02-07,2018-12-24,2019-03-22
CTAS US,1.84,1.712,2019-03-21 16:15:00,2019-03-21,2019-02-06,2019-05-03
CSCO US,0.73,0.7240000000000001,2019-02-13 16:05:00,2019-02-13,2018-12-31,2019-03-28
CLX US,1.4,1.3030000000000002,2019-02-04 06:30:00,2019-02-04,2018-12-19,2019-03-19
CAG US,0.51,0.488,2019-03-21 07:28:00,2019-03-21,2019-02-06,2019-05-03
STZ US,2.37,2.062,2019-01-09 08:25:00,2019-01-09,2018-11-23,2019-02-22
CPRT US,0.52,0.507,2019-02-20 18:00:00,2019-02-20,2019-01-07,2019-04-03
COST US,2.01,1.692,2019-03-07 16:15:00,2019-03-07,2019-01-23,2019-04-18
COTY US,0.24,0.221,2019-02-08 06:30:00,2019-02-08,2018-12-26,2019-03-25
DXC US,2.23,2.049,2019-02-07 16:25:00,2019-02-07,2018-12-24,2019-03-22
DRI US,1.8,1.746,2019-03-21 07:00:00,2019-03-21,2019-02-06,2019-05-03
DG US,1.84,1.883,2019-03-14 06:55:00,2019-03-14,2019-01-30,2019-04-26
DLTR US,1.93,1.94,2019-03-06 07:30:00,2019-03-06,2019-01-22,2019-04-17
EA US,1.93,1.942,2019-02-05 16:01:00,2019-02-05,2018-12-20,2019-03-20
EL US,1.74,1.546,2019-02-05 06:45:00,2019-02-05,2018-12-20,2019-03-20
FDX US,3.03,3.117,2019-03-19 16:03:00,2019-03-19,2019-02-04,2019-05-01
FOXA US,0.01,0.669,2019-03-18 07:00:00,2019-03-18,2019-02-01,2019-04-30
GPS US,0.72,0.688,2019-02-28 16:15:00,2019-02-28,2019-01-15,2019-04-11
GIS US,0.83,0.6890000000000001,2019-03-20 07:00:00,2019-03-20,2019-02-05,2019-05-02
HRB US,-0.58,-0.552,2019-03-07 08:20:00,2019-03-07,2019-01-23,2019-04-18
HD US,2.27,2.1630000000000003,2019-02-26 06:00:00,2019-02-26,2019-01-11,2019-04-09
INTU US,0.72,0.8640000000000001,2019-02-21 16:00:00,2019-02-21,2019-01-08,2019-04-04
SJM US,2.26,2.0140000000000002,2019-02-26 07:00:00,2019-02-26,2019-01-11,2019-04-09
JKHY US,0.91,0.8540000000000001,2019-02-05 16:01:00,2019-02-05,2018-12-20,2019-03-20
KLAC US,2.44,2.202,2019-01-29 16:15:00,2019-01-29,2018-12-13,2019-03-13
KSS US,2.24,2.181,2019-03-05 07:00:00,2019-03-05,2019-01-18,2019-04-16
KHC US,0.84,0.9390000000000001,2019-02-21 17:01:00,2019-02-21,2019-01-08,2019-04-04
KR US,0.48,0.526,2019-03-07 07:45:00,2019-03-07,2019-01-23,2019-04-18
LB US,2.14,2.081,2019-02-27 16:15:00,2019-02-27,2019-01-14,2019-04-10
LHX US,2.67,2.314,2019-01-29 06:00:00,2019-01-29,2018-12-13,2019-03-13
LRCX US,3.87,3.6639999999999997,2019-01-23 16:05:00,2019-01-23,2018-12-07,2019-03-07
LW US,0.8,0.722,2019-01-04 08:30:00,2019-01-04,2018-11-19,2019-02-19
LOW US,0.8,0.789,2019-02-27 06:00:00,2019-02-27,2019-01-14,2019-04-10
M US,2.73,2.53,2019-02-26 08:00:00,2019-02-26,2019-01-11,2019-04-09
MXIM US,0.6,0.62,2019-01-29 16:05:00,2019-01-29,2018-12-13,2019-03-13
MCK US,3.4,3.162,2019-01-31 16:10:00,2019-01-31,2018-12-17,2019-03-15
MDT US,1.29,1.236,2019-02-19 06:49:00,2019-02-19,2019-01-04,2019-04-02
MCHP US,1.66,1.565,2019-02-05 16:10:00,2019-02-05,2018-12-20,2019-03-20
MU US,1.71,1.6540000000000001,2019-03-20 16:01:00,2019-03-20,2019-02-05,2019-05-02
MSFT US,1.1,1.093,2019-01-30 16:04:00,2019-01-30,2018-12-14,2019-03-14
NKE US,0.68,0.647,2019-03-21 16:15:00,2019-03-21,2019-02-06,2019-05-03
NVDA US,0.8,0.78,2019-02-14 16:20:00,2019-02-14,2019-01-02,2019-03-29
NTAP US,1.2,1.148,2019-02-13 16:01:00,2019-02-13,2018-12-31,2019-03-28
NWSA US,0.18,0.14,2019-02-07 16:19:00,2019-02-07,2018-12-24,2019-03-22
JWN US,1.48,1.4169999999999998,2019-02-28 16:05:00,2019-02-28,2019-01-15,2019-04-11
NLOK US,0.44,0.39,2019-01-31 16:15:00,2019-01-31,2018-12-17,2019-03-15
ORCL US,0.87,0.841,2019-03-14 16:02:00,2019-03-14,2019-01-30,2019-04-26
PVH US,1.84,1.751,2019-03-27 16:15:00,2019-03-27,2019-02-12,2019-05-09
PH US,2.51,2.423,2019-01-31 07:30:00,2019-01-31,2018-12-17,2019-03-15
PAYX US,0.89,0.882,2019-03-27 08:30:00,2019-03-27,2019-02-12,2019-05-09
PG US,1.25,1.21,2019-01-23 07:00:00,2019-01-23,2018-12-07,2019-03-07
QRVO US,1.85,1.6909999999999998,2019-02-07 16:00:00,2019-02-07,2018-12-24,2019-03-22
RL US,2.32,2.141,2019-02-05 08:01:00,2019-02-05,2018-12-20,2019-03-20
RMD US,1.0,0.9570000000000001,2019-01-24 16:05:00,2019-01-24,2018-12-10,2019-03-08
ROST US,1.2,1.131,2019-03-05 16:01:00,2019-03-05,2019-01-18,2019-04-16
STX US,1.41,1.2819999999999998,2019-02-04 16:01:00,2019-02-04,2018-12-19,2019-03-19
SYY US,0.75,0.727,2019-02-04 08:00:00,2019-02-04,2018-12-19,2019-03-19
TJX US,0.68,0.6829999999999999,2019-02-27 08:25:00,2019-02-27,2019-01-14,2019-04-10
TTWO US,2.9,2.7960000000000003,2019-02-06 07:00:00,2019-02-06,2018-12-21,2019-03-21
TPR US,1.07,1.111,2019-02-07 06:45:00,2019-02-07,2018-12-24,2019-03-22
TGT US,1.53,1.527,2019-03-05 06:30:00,2019-03-05,2019-01-18,2019-04-16
TIF US,1.67,1.601,2019-03-22 06:40:00,2019-03-22,2019-02-07,2019-05-06
ULTA US,3.61,3.557,2019-03-14 16:03:00,2019-03-14,2019-01-30,2019-04-26
VFC US,1.31,1.087,2019-01-18 06:55:00,2019-01-18,2018-12-04,2019-03-05
WBA US,1.64,1.719,2019-04-02 07:00:00,2019-04-02,2019-02-19,2019-05-15
WMT US,1.41,1.3359999999999999,2019-02-19 07:01:00,2019-02-19,2019-01-04,2019-04-02
WDC US,1.45,1.4969999999999999,2019-01-24 16:10:00,2019-01-24,2018-12-10,2019-03-08
XLNX US,0.93,0.8440000000000001,2019-01-23 16:20:00,2019-01-23,2018-12-07,2019-03-07
CRM US,0.33,0.5529999999999999,2019-03-04 16:05:00,2019-03-04,2019-01-17,2019-04-15
